#,GPU,VRAM,Generation,Weighted performance rating,Raw performance rating
1,Nvidia RTX Pro 6000 (Blackwell),96,Blackwell,100.00,100.00
2,Nvidia GeForce RTX 5090 D,32,Blackwell,95.24,95.24
3,Nvidia GeForce RTX 5090,32,Blackwell,92.19,92.19
4,Nvidia GeForce RTX 4090,24,Ada,70.60,72.26
5,Nvidia GeForce RTX 4090 D,24,Ada,66.87,68.44
6,Nvidia GeForce RTX 5080,16,Blackwell,66.03,66.03
7,Nvidia RTX 6000 (Ada),48,Ada,59.82,61.23
8,Nvidia GeForce RTX 5070 Ti,16,Blackwell,56.75,56.75
9,AMD Radeon RX 9070 XT,16,RDNA 4,55.98,57.51
10,AMD Radeon RX 7900 XTX,24,RDNA 3,55.85,59.86
11,Nvidia GeForce RTX 4080 Super,16,Ada,55.10,56.40
12,Nvidia GeForce RTX 4080,16,Ada,54.99,56.28
13,AMD Radeon RX 9070,16,RDNA 4,49.56,50.92
14,AMD Radeon RX 7900 XT,20,RDNA 3,48.79,52.29
15,Nvidia GeForce RTX 4070 Ti Super,16,Ada,47.72,48.85
16,Nvidia GeForce RTX 5070,12,Blackwell,45.94,46.54
17,Nvidia GeForce RTX 3090 Ti,24,Ampere,44.58,46.48
18,Nvidia GeForce RTX 4070 Ti,12,Ada,43.92,45.53
19,(Nvidia RTX 4500 (Ada)),24,Ada,42.71,43.71
20,AMD Radeon RX 7900 GRE,16,RDNA 3,41.77,44.77
21,Nvidia GeForce RTX 4070 Super,12,Ada,40.84,42.35
22,AMD Radeon RX 6950 XT,16,RDNA 2,40.81,44.41
23,Nvidia GeForce RTX 3090,24,Ampere,40.17,41.88
24,AMD Radeon RX 6900 XT,16,RDNA 2,39.57,43.05
25,Nvidia GeForce RTX 3080 Ti,12,Ampere,39.41,41.62
26,Nvidia GeForce RTX 3080 (12GB),12,Ampere,37.84,39.97
27,AMD Radeon RX 7800 XT,16,RDNA 3,37.74,40.45
28,AMD Radeon RX 6800 XT,16,RDNA 2,36.54,39.76
29,Nvidia GeForce RTX 4070 (GDDR6x),12,Ada,35.94,37.27
30,Nvidia GeForce RTX 4070 (GDDR6),12,Ada,34.61,35.88
31,Nvidia GeForce RTX 5060 Ti (16GB),16,Blackwell,34.38,34.38
32,Nvidia GeForce RTX 3080 (10GB),10,Ampere,34.28,37.18
33,(Nvidia RTX Pro 4000 (Blackwell)),24,Blackwell,33.75,33.75
34,AMD Radeon RX 9060 XT (16GB),16,RDNA 4,32.81,33.71
35,(AMD Radeon Pro W6800),32,RDNA 2,32.52,35.39
36,Nvidia RTX 4000 (Ada),20,Ada,32.26,33.02
37,AMD Radeon RX 7700 XT,12,RDNA 3,31.83,34.56
38,Nvidia RTX A5000,24,Ampere,31.66,33.01
39,Nvidia GeForce RTX 5060 Ti (8GB),8,Blackwell,31.27,33.41
40,AMD Radeon RX 6800,16,RDNA 2,31.24,34.00
41,AMD Radeon RX 9060 XT (8GB),8,RDNA 4,30.10,33.04
42,Nvidia Titan RTX (Turing),24,Turing RTX,29.85,32.24
43,Nvidia GeForce RTX 3070 Ti,8,Ampere,29.09,32.41
44,Nvidia GeForce RTX 4060 Ti (16GB),16,Ada,28.63,29.31
45,Nvidia GeForce RTX 5060,8,Blackwell,28.21,30.14
46,Nvidia GeForce RTX 2080 Ti,11,Turing RTX,27.09,30.02
47,Nvidia Quadro RTX 6000,24,Turing RTX,26.87,29.02
48,Nvidia GeForce RTX 4060 Ti (8GB),8,Ada,26.74,29.24
49,AMD Radeon RX 6750 XT,12,RDNA 2,26.61,29.34
50,Nvidia GeForce RTX 3070,8,Ampere,26.58,29.61
51,Intel Arc B580,12,Battlemage,26.54,28.63
52,Nvidia RTX A4500,20,Ampere,26.16,27.28
53,Nvidia Quadro RTX 8000,48,Turing RTX,26.06,28.15
54,(AMD Radeon RX 9060),8,RDNA 4,25.51,28.00
55,AMD Radeon RX 6700 XT,12,RDNA 2,25.24,27.82
56,AMD Radeon RX 6750 GRE (12GB),12,RDNA 2,25.08,27.64
57,Intel Arc A770 (16GB),16,Alchemist,24.87,27.18
58,Nvidia RTX A4000,16,Ampere,24.66,25.71
59,Nvidia GeForce RTX 3060 Ti (GDDR6x),8,Ampere,24.61,27.42
60,Nvidia Titan V (Volta),12,Volta,24.31,29.56
61,AMD Radeon RX 7600 XT,16,RDNA 3,23.55,25.24
62,Nvidia RTX 4000 SFF (Ada),20,Ada,23.32,23.87
63,Nvidia GeForce RTX 3060 Ti (GDDR6),8,Ampere,23.06,25.69
64,Intel Arc B570,10,Battlemage,22.39,24.80
65,Nvidia GeForce RTX 5050,8,Blackwell,22.32,23.85
66,Nvidia GeForce RTX 4060,8,Ada,21.96,24.02
67,AMD Radeon RX 7650 GRE,8,RDNA 3,21.78,24.94
68,Intel Arc A770 (8GB),8,Alchemist,21.64,25.27
69,Nvidia GeForce RTX 2080 Super,8,Turing RTX,21.51,24.82
70,AMD Radeon RX 7600,8,RDNA 3,21.38,24.49
71,AMD Radeon RX 6750 GRE (10GB),10,RDNA 2,21.30,24.11
72,AMD Radeon RX 6700,10,RDNA 2,21.17,23.96
73,Intel Arc A750,8,Alchemist,21.04,24.57
74,Nvidia Quadro RTX 5000,16,Turing RTX,20.68,22.34
75,Nvidia GeForce RTX 2080,8,Turing RTX,20.35,23.48
76,Nvidia Titan Xp (Pascal),12,Pascal,19.81,24.09
77,AMD Radeon RX 6650 XT,8,RDNA 2,19.73,22.94
78,Nvidia GeForce RTX 2070 Super,8,Turing RTX,19.26,22.23
79,Nvidia GeForce RTX 3060 (GA104),12,Ampere,19.11,20.19
80,AMD Radeon RX 6600 XT,8,RDNA 2,19.00,22.10
81,Nvidia GeForce RTX 3060,12,Ampere,18.91,19.97
82,Nvidia Titan X (Pascal),12,Pascal,18.78,22.83
83,Intel Arc A580,8,Alchemist,18.59,21.70
84,Nvidia GeForce GTX 1080 Ti,11,Pascal,18.04,22.23
85,Nvidia RTX 2000 (Ada),16,Ada,18.01,18.43
86,AMD Radeon RX 5700 XT,8,RDNA 1,17.35,21.46
87,Nvidia GeForce RTX 2070,8,Turing RTX,17.14,19.78
88,Nvidia GeForce RTX 2060 Super,8,Turing RTX,16.58,19.13
89,Nvidia GeForce RTX 2060 (12GB),12,Turing RTX,16.55,18.10
90,AMD Radeon Pro W6600,8,RDNA 2,16.19,18.83
91,AMD Radeon RX 6600,8,RDNA 2,16.05,18.66
92,Nvidia Quadro RTX 4000,8,Turing RTX,15.65,18.05
93,Nvidia GeForce RTX 3060 (8GB),8,Ampere,15.51,17.28
94,AMD Radeon RX 5700,8,RDNA 1,15.31,18.93
95,(AMD Radeon RX 6600 LE),8,RDNA 2,14.79,17.20
96,Nvidia GeForce RTX 2060,6,Turing RTX,14.36,17.04
97,Intel Arc Pro A60,12,Alchemist,14.31,15.84
98,AMD Radeon RX 5600 XT,6,RDNA 1,13.74,17.47
99,Nvidia GeForce GTX 1080,8,Pascal,13.50,17.32
100,AMD Radeon RX Vega 64,8,GCN 5,13.16,17.91
101,Nvidia RTX A2000 (12GB),12,Ampere,12.88,13.60
102,Nvidia GeForce RTX 3050 (8GB),8,Ampere,12.79,14.25
103,AMD Radeon Pro W7500,8,RDNA 3 WS,12.58,14.40
104,AMD Radeon RX 5600,6,RDNA 1,12.55,15.96
105,Nvidia GeForce GTX 1070 Ti,8,Pascal,12.49,16.02
106,AMD Radeon Pro WX9100,16,GCN 5,12.39,15.78
107,AMD Radeon RX Vega 56,8,GCN 5,11.95,16.26
108,Nvidia RTX A2000 (6GB),6,Ampere,11.92,13.65
109,Nvidia GeForce GTX 1070,8,Pascal,11.38,14.60
110,Nvidia GeForce GTX 1660 Ti,6,Turing GTX,11.06,14.23
111,Nvidia GeForce GTX 1660 Super,6,Turing GTX,10.76,13.84
112,Nvidia Titan X (2015),12,Maxwell,10.65,13.66
113,Nvidia GeForce GTX 980 Ti,6,Maxwell,10.23,14.23
114,Nvidia GeForce GTX 1660,6,Turing GTX,9.56,12.30
115,Nvidia GeForce RTX 3050 (6GB),6,Ampere,9.52,10.90
116,Nvidia P102 100,5,Pascal mining,9.47,12.87
117,AMD Radeon RX 6500 XT,4,RDNA 2,9.35,11.51
118,AMD Radeon RX 5500 XT (8GB),8,RDNA 1,9.32,11.53
119,AMD Radeon RX 590,8,GCN 4,8.84,12.04
120,AMD Radeon RX 5500 XT (4GB default),4,RDNA 1,8.81,11.53
121,(Nvidia RTX A1000),8,Ampere,8.75,9.75
122,AMD Radeon RX 5500,4,RDNA 1,8.64,11.30
123,AMD Radeon RX 590 GME,8,GCN 4,8.23,11.21
124,Nvidia P104 100,4,Pascal mining,8.17,11.27
125,AMD Radeon RX 580,8,GCN 4,8.11,11.03
126,Nvidia GeForce GTX 1060 (6GB),6,Pascal,7.89,10.41
127,Nvidia GeForce GTX 1650 Super,4,Turing GTX,7.87,10.41
128,Intel Arc A380,6,Alchemist,7.54,9.05
129,Nvidia GeForce GTX 980,4,Maxwell,7.45,10.67
130,Nvidia P106 100,6,Pascal mining,7.26,9.73
131,AMD Radeon Pro W6400,4,RDNA 2,7.24,8.91
132,AMD Radeon RX 6400,4,RDNA 2,6.98,8.59
133,AMD Radeon RX 570,4,GCN 4,6.77,9.75
134,Nvidia GeForce GTX 1060 (3GB),3,Pascal,6.59,9.07
135,Nvidia GeForce GTX 1650 (GDDR6),4,Turing GTX,6.36,8.42
136,Nvidia GeForce GTX 970,4,Maxwell,6.24,8.92
137,Nvidia GeForce GTX 1650 (GDDR5 Default),4,Turing GTX,6.12,8.10
138,AMD Radeon RX 560 XT,4,GCN 4,6.09,8.78
139,Intel Arc A350,4,Alchemist,5.54,6.85
140,Intel Arc A310,4,Alchemist,5.08,6.27
141,(Nvidia T1000 (8GB)),8,Turing GTX,5.05,6.32
142,Nvidia T1000 (4GB),4,Turing GTX,4.68,6.20
143,Nvidia GeForce GTX 1050 Ti,4,Pascal,4.47,6.07
144,Nvidia RTX A400,4,Ampere,3.98,4.70
145,Nvidia GeForce GTX 960,2,Maxwell,3.83,5.64
146,Nvidia P106 090,3,Pascal mining,3.81,5.33
147,Nvidia GeForce GTX 1630,4,Turing GTX,3.75,4.97
148,Nvidia T600,4,Turing GTX,3.62,4.79
149,Nvidia GeForce GTX 1050,2,Pascal,3.27,4.57
150,AMD Radeon RX 560,4,GCN 4,3.16,4.55
151,Nvidia GeForce GTX 950,2,Maxwell,2.96,4.36
152,AMD Radeon RX 550,2,GCN 4,2.13,3.16
153,Nvidia GeForce GT 1030 (GDDR5),2,Pascal,1.70,2.38
154,Nvidia GeForce GT 1030 (DDR4),2,Pascal,1.02,1.43
